spp,fishery,olap_pa_annual,olap_cumsum_month
ALV,LL_shallow,0.668902851,0.259202169
ALV,PS_assoc,0.091366492,0.038361794
OCS,LL_shallow,0.642397145,0.260908799
OCS,PS_assoc,0.221625169,0.069636846
